Workbook

Sheet Data
B1: Faithfulness | D1: Coverage
A2: Cases | B2: Cédric | C2: LLM | D2: Cédric | E2: LLM
A3: 1 | B3: 1 | C3: 5 | D3: 5 | E3: 5
A4: 2 | B4: 2 | C4: 5 | D4: 5 | E4: 5
A5: 3 | B5: 1 | C5: 2 | D5: 4 | E5: 2
A6: 4 | B6: 3 | C6: 5 | D6: 5 | E6: 5
A7: 5 | B7: 5 | C7: 5 | D7: 5 | E7: 5
A8: 6 | B8: 3 | C8: 4 | D8: 5 | E8: 5
A9: 7 | B9: 4 | C9: 5 | D9: 5 | E9: 5
A10: 8 | B10: 4 | C10: 5 | D10: 4 | E10: 5

Sheet Faithfulness (2)
A1: Confusion Matrix | J1: Weighted Agreement Matrix
A3: Cédric/LLM | B3: 1 | C3: 2 | D3: 3 | E3: 4 | F3: 5 | G3: Total | H3: Row Marginal Probabilities | J3: Cédric/LLM | K3: 1 | L3: 2 | M3: 3 | N3: 4 | O3: 5
A4: 1 | B4: =COUNTIFS(Data!B$3:B$10, $A4, Data!C$3:C$10, B$3) -> 0 | C4: =COUNTIFS(Data!B$3:B$10, $A4, Data!C$3:C$10, C$3) -> 1 | D4: =COUNTIFS(Data!B$3:B$10, $A4, Data!C$3:C$10, D$3) -> 0 | E4: =COUNTIFS(Data!B$3:B$10, $A4, Data!C$3:C$10, E$3) -> 0 | F4: =COUNTIFS(Data!B$3:B$10, $A4, Data!C$3:C$10, F$3) -> 1 | G4: =SUM(B4:F4) -> 2 | H4: =G4/8 -> 0.25 | J4: 1 | K4: =1 - ABS(K3 - $J$4) / (5 - 1) -> 1 | L4: =1 - ABS(L3 - $J$4) / (5 - 1) -> 0.75 | M4: =1 - ABS(M3 - $J$4) / (5 - 1) -> 0.5 | N4: =1 - ABS(N3 - $J$4) / (5 - 1) -> 0.25 | O4: =1 - ABS(O3 - $J$4) / (5 - 1) -> 0
A5: 2 | B5: =COUNTIFS(Data!B$3:B$10, $A5, Data!C$3:C$10, B$3) -> 0 | C5: =COUNTIFS(Data!B$3:B$10, $A5, Data!C$3:C$10, C$3) -> 0 | D5: =COUNTIFS(Data!B$3:B$10, $A5, Data!C$3:C$10, D$3) -> 0 | E5: =COUNTIFS(Data!B$3:B$10, $A5, Data!C$3:C$10, E$3) -> 0 | F5: =COUNTIFS(Data!B$3:B$10, $A5, Data!C$3:C$10, F$3) -> 1 | G5: =SUM(B5:F5) -> 1 | H5: =G5/8 -> 0.125 | J5: 2 | K5: =1 - ABS(K3 - $J$5) / (5 - 1) -> 0.75 | L5: =1 - ABS(L3 - $J$5) / (5 - 1) -> 1 | M5: =1 - ABS(M3 - $J$5) / (5 - 1) -> 0.75 | N5: =1 - ABS(N3 - $J$5) / (5 - 1) -> 0.5 | O5: =1 - ABS(O3 - $J$5) / (5 - 1) -> 0.25
A6: 3 | B6: =COUNTIFS(Data!B$3:B$10, $A6, Data!C$3:C$10, B$3) -> 0 | C6: =COUNTIFS(Data!B$3:B$10, $A6, Data!C$3:C$10, C$3) -> 0 | D6: =COUNTIFS(Data!B$3:B$10, $A6, Data!C$3:C$10, D$3) -> 0 | E6: =COUNTIFS(Data!B$3:B$10, $A6, Data!C$3:C$10, E$3) -> 1 | F6: =COUNTIFS(Data!B$3:B$10, $A6, Data!C$3:C$10, F$3) -> 1 | G6: =SUM(B6:F6) -> 2 | H6: =G6/8 -> 0.25 | J6: 3 | K6: =1 - ABS(K3 - $J$6) / (5 - 1) -> 0.5 | L6: =1 - ABS(L3 - $J$6) / (5 - 1) -> 0.75 | M6: =1 - ABS(M3 - $J$6) / (5 - 1) -> 1 | N6: =1 - ABS(N3 - $J$6) / (5 - 1) -> 0.75 | O6: =1 - ABS(O3 - $J$6) / (5 - 1) -> 0.5
A7: 4 | B7: =COUNTIFS(Data!B$3:B$10, $A7, Data!C$3:C$10, B$3) -> 0 | C7: =COUNTIFS(Data!B$3:B$10, $A7, Data!C$3:C$10, C$3) -> 0 | D7: =COUNTIFS(Data!B$3:B$10, $A7, Data!C$3:C$10, D$3) -> 0 | E7: =COUNTIFS(Data!B$3:B$10, $A7, Data!C$3:C$10, E$3) -> 0 | F7: =COUNTIFS(Data!B$3:B$10, $A7, Data!C$3:C$10, F$3) -> 2 | G7: =SUM(B7:F7) -> 2 | H7: =G7/8 -> 0.25 | J7: 4 | K7: =1 - ABS(K3 - $J$7) / (5 - 1) -> 0.25 | L7: =1 - ABS(L3 - $J$7) / (5 - 1) -> 0.5 | M7: =1 - ABS(M3 - $J$7) / (5 - 1) -> 0.75 | N7: =1 - ABS(N3 - $J$7) / (5 - 1) -> 1 | O7: =1 - ABS(O3 - $J$7) / (5 - 1) -> 0.75
A8: 5 | B8: =COUNTIFS(Data!B$3:B$10, $A8, Data!C$3:C$10, B$3) -> 0 | C8: =COUNTIFS(Data!B$3:B$10, $A8, Data!C$3:C$10, C$3) -> 0 | D8: =COUNTIFS(Data!B$3:B$10, $A8, Data!C$3:C$10, D$3) -> 0 | E8: =COUNTIFS(Data!B$3:B$10, $A8, Data!C$3:C$10, E$3) -> 0 | F8: =COUNTIFS(Data!B$3:B$10, $A8, Data!C$3:C$10, F$3) -> 1 | G8: =SUM(B8:F8) -> 1 | H8: =G8/8 -> 0.125 | J8: 5 | K8: =1 - ABS(K3 - $J$8) / (5 - 1) -> 0 | L8: =1 - ABS(L3 - $J$8) / (5 - 1) -> 0.25 | M8: =1 - ABS(M3 - $J$8) / (5 - 1) -> 0.5 | N8: =1 - ABS(N3 - $J$8) / (5 - 1) -> 0.75 | O8: =1 - ABS(O3 - $J$8) / (5 - 1) -> 1
A9: Total | B9: =SUM(B4:B8) -> 0 | C9: =SUM(C4:C8) -> 1 | D9: =SUM(D4:D8) -> 0 | E9: =SUM(E4:E8) -> 1 | F9: =SUM(F4:F8) -> 6 | G9: =SUM(G4:G8) -> 8
A10: Column marginal Probablities | B10: =B9/8 -> 0 | C10: =C9/8 -> 0.125 | D10: =D9/8 -> 0 | E10: =E9/8 -> 0.125 | F10: =F9/8 -> 0.75
A11: Pe (kappa) | B11: =(B9*$G4)/64 -> 0 | C11: =(C9*G5)/64 -> 0.015625 | D11: =(D9*$G6)/64 -> 0 | E11: =(E9*$G7)/64 -> 0.03125 | F11: =(F9*$G8)/64 -> 0.09375 | G11: =SUM(B11:F11) -> 0.140625
A12: Po (kappa) | B12: =SUM(B4,C5,D6,E7,F8)/8 -> 0.125
A13: Po (linear weighted kappa) | B13: =SUMPRODUCT(B4:F8, K4:O8)/G9 -> 0.59375
A14: Pe (linear weighted kappa) | B14: =SUM(K17:O21) -> 0.515625 | J14: Expected Agreements Weighted
J16: Cédric/LLM | K16: 1 | L16: 2 | M16: 3 | N16: 4 | O16: 5
A17: Final Metrics | J17: 1 | K17: =(K4*$H4*$B$10) -> 0 | L17: =(L4*$H4*$C$10) -> 0.0234375 | M17: =(M4*$H4*$D$10) -> 0 | N17: =(N4*$H4*$E$10) -> 0.0078125 | O17: =(O4*$H4*$F$10) -> 0
A18: Kappa | B18: =(B12-G11)/(1-G11) -> -0.018181818 | J18: 2 | K18: =(K5*$H5*$B$10) -> 0 | L18: =(L5*$H5*$C$10) -> 0.015625 | M18: =(M5*$H5*$D$10) -> 0 | N18: =(N5*$H5*$E$10) -> 0.0078125 | O18: =(O5*$H5*$F$10) -> 0.0234375
A19: Percent Agreement | B19: =SUM(B4,C5,D6,E7,F8)/8 -> 0.125 | J19: 3 | K19: =(K6*$H6*$B$10) -> 0 | L19: =(L6*$H6*$C$10) -> 0.0234375 | M19: =(M6*$H6*$D$10) -> 0 | N19: =(N6*$H6*$E$10) -> 0.0234375 | O19: =(O6*$H6*$F$10) -> 0.09375
A20: Linear weighted kappa | B20: =(B13-B14)/(1-B14) -> 0.16129032 | J20: 4 | K20: =(K7*$H7*$B$10) -> 0 | L20: =(L7*$H7*$C$10) -> 0.015625 | M20: =(M7*$H7*$D$10) -> 0 | N20: =(N7*$H7*$E$10) -> 0.03125 | O20: =(O7*$H7*$F$10) -> 0.140625
J21: 5 | K21: =(K8*$H8*$B$10) -> 0 | L21: =(L8*$H8*$C$10) -> 0.00390625 | M21: =(M8*$H8*$D$10) -> 0 | N21: =(N8*$H8*$E$10) -> 0.01171875 | O21: =(O8*$H8*$F$10) -> 0.09375

Sheet Coverage (2)
A1: Confusion Matrix | J1: Weighted Agreement Matrix
A3: Cédric/LLM | B3: 1 | C3: 2 | D3: 3 | E3: 4 | F3: 5 | G3: Total | H3: Row Marginal Probabilities | J3: Cédric/LLM | K3: 1 | L3: 2 | M3: 3 | N3: 4 | O3: 5
A4: 1 | B4: =COUNTIFS(Data!D$3:D$10, $A4, Data!E$3:E$10, B$3) -> 0 | C4: =COUNTIFS(Data!D$3:D$10, $A4, Data!E$3:E$10, C$3) -> 0 | D4: =COUNTIFS(Data!D$3:D$10, $A4, Data!E$3:E$10, D$3) -> 0 | E4: =COUNTIFS(Data!D$3:D$10, $A4, Data!E$3:E$10, E$3) -> 0 | F4: =COUNTIFS(Data!D$3:D$10, $A4, Data!E$3:E$10, F$3) -> 0 | G4: =SUM(B4:F4) -> 0 | H4: =G4/8 -> 0 | J4: 1 | K4: =1 - ABS(K3 - $J$4) / (5 - 1) -> 1 | L4: =1 - ABS(L3 - $J$4) / (5 - 1) -> 0.75 | M4: =1 - ABS(M3 - $J$4) / (5 - 1) -> 0.5 | N4: =1 - ABS(N3 - $J$4) / (5 - 1) -> 0.25 | O4: =1 - ABS(O3 - $J$4) / (5 - 1) -> 0
A5: 2 | B5: =COUNTIFS(Data!D$3:D$10, $A5, Data!E$3:E$10, B$3) -> 0 | C5: =COUNTIFS(Data!D$3:D$10, $A5, Data!E$3:E$10, C$3) -> 0 | D5: =COUNTIFS(Data!D$3:D$10, $A5, Data!E$3:E$10, D$3) -> 0 | E5: =COUNTIFS(Data!D$3:D$10, $A5, Data!E$3:E$10, E$3) -> 0 | F5: =COUNTIFS(Data!D$3:D$10, $A5, Data!E$3:E$10, F$3) -> 0 | G5: =SUM(B5:F5) -> 0 | H5: =G5/8 -> 0 | J5: 2 | K5: =1 - ABS(K3 - $J$5) / (5 - 1) -> 0.75 | L5: =1 - ABS(L3 - $J$5) / (5 - 1) -> 1 | M5: =1 - ABS(M3 - $J$5) / (5 - 1) -> 0.75 | N5: =1 - ABS(N3 - $J$5) / (5 - 1) -> 0.5 | O5: =1 - ABS(O3 - $J$5) / (5 - 1) -> 0.25
A6: 3 | B6: =COUNTIFS(Data!D$3:D$10, $A6, Data!E$3:E$10, B$3) -> 0 | C6: =COUNTIFS(Data!D$3:D$10, $A6, Data!E$3:E$10, C$3) -> 0 | D6: =COUNTIFS(Data!D$3:D$10, $A6, Data!E$3:E$10, D$3) -> 0 | E6: =COUNTIFS(Data!D$3:D$10, $A6, Data!E$3:E$10, E$3) -> 0 | F6: =COUNTIFS(Data!D$3:D$10, $A6, Data!E$3:E$10, F$3) -> 0 | G6: =SUM(B6:F6) -> 0 | H6: =G6/8 -> 0 | J6: 3 | K6: =1 - ABS(K3 - $J$6) / (5 - 1) -> 0.5 | L6: =1 - ABS(L3 - $J$6) / (5 - 1) -> 0.75 | M6: =1 - ABS(M3 - $J$6) / (5 - 1) -> 1 | N6: =1 - ABS(N3 - $J$6) / (5 - 1) -> 0.75 | O6: =1 - ABS(O3 - $J$6) / (5 - 1) -> 0.5
A7: 4 | B7: =COUNTIFS(Data!D$3:D$10, $A7, Data!E$3:E$10, B$3) -> 0 | C7: =COUNTIFS(Data!D$3:D$10, $A7, Data!E$3:E$10, C$3) -> 1 | D7: =COUNTIFS(Data!D$3:D$10, $A7, Data!E$3:E$10, D$3) -> 0 | E7: =COUNTIFS(Data!D$3:D$10, $A7, Data!E$3:E$10, E$3) -> 0 | F7: =COUNTIFS(Data!D$3:D$10, $A7, Data!E$3:E$10, F$3) -> 1 | G7: =SUM(B7:F7) -> 2 | H7: =G7/8 -> 0.25 | J7: 4 | K7: =1 - ABS(K3 - $J$7) / (5 - 1) -> 0.25 | L7: =1 - ABS(L3 - $J$7) / (5 - 1) -> 0.5 | M7: =1 - ABS(M3 - $J$7) / (5 - 1) -> 0.75 | N7: =1 - ABS(N3 - $J$7) / (5 - 1) -> 1 | O7: =1 - ABS(O3 - $J$7) / (5 - 1) -> 0.75
A8: 5 | B8: =COUNTIFS(Data!D$3:D$10, $A8, Data!E$3:E$10, B$3) -> 0 | C8: =COUNTIFS(Data!D$3:D$10, $A8, Data!E$3:E$10, C$3) -> 0 | D8: =COUNTIFS(Data!D$3:D$10, $A8, Data!E$3:E$10, D$3) -> 0 | E8: =COUNTIFS(Data!D$3:D$10, $A8, Data!E$3:E$10, E$3) -> 0 | F8: =COUNTIFS(Data!D$3:D$10, $A8, Data!E$3:E$10, F$3) -> 6 | G8: =SUM(B8:F8) -> 6 | H8: =G8/8 -> 0.75 | J8: 5 | K8: =1 - ABS(K3 - $J$8) / (5 - 1) -> 0 | L8: =1 - ABS(L3 - $J$8) / (5 - 1) -> 0.25 | M8: =1 - ABS(M3 - $J$8) / (5 - 1) -> 0.5 | N8: =1 - ABS(N3 - $J$8) / (5 - 1) -> 0.75 | O8: =1 - ABS(O3 - $J$8) / (5 - 1) -> 1
A9: Total | B9: =SUM(B4:B8) -> 0 | C9: =SUM(C4:C8) -> 1 | D9: =SUM(D4:D8) -> 0 | E9: =SUM(E4:E8) -> 0 | F9: =SUM(F4:F8) -> 7 | G9: =SUM(G4:G8) -> 8
A10: Column marginal Probablities | B10: =B9/8 -> 0 | C10: =C9/8 -> 0.125 | D10: =D9/8 -> 0 | E10: =E9/8 -> 0 | F10: =F9/8 -> 0.875
A11: Pe (kappa) | B11: =(B9*$G4)/64 -> 0 | C11: =(C9*G5)/64 -> 0 | D11: =(D9*$G6)/64 -> 0 | E11: =(E9*$G7)/64 -> 0 | F11: =(F9*$G8)/64 -> 0.65625 | G11: =SUM(B11:F11) -> 0.65625
A12: Po (kappa) | B12: =SUM(B4,C5,D6,E7,F8)/8 -> 0.75
A13: Po (linear weighted kappa) | B13: =SUMPRODUCT(B4:F8, K4:O8)/G9 -> 0.90625
A14: Pe (linear weighted kappa) | B14: =SUM(K17:O21) -> 0.859375 | J14: Expected Agreements Weighted
J16: Cédric/LLM | K16: 1 | L16: 2 | M16: 3 | N16: 4 | O16: 5
A17: Final Metrics | J17: 1 | K17: =(K4*$H4*$B$10) -> 0 | L17: =(L4*$H4*$C$10) -> 0 | M17: =(M4*$H4*$D$10) -> 0 | N17: =(N4*$H4*$E$10) -> 0 | O17: =(O4*$H4*$F$10) -> 0
A18: Kappa | B18: =(B12-G11)/(1-G11) -> 0.27272727 | J18: 2 | K18: =(K5*$H5*$B$10) -> 0 | L18: =(L5*$H5*$C$10) -> 0 | M18: =(M5*$H5*$D$10) -> 0 | N18: =(N5*$H5*$E$10) -> 0 | O18: =(O5*$H5*$F$10) -> 0
A19: Percent Agreement | B19: =SUM(B4,C5,D6,E7,F8)/8 -> 0.75 | J19: 3 | K19: =(K6*$H6*$B$10) -> 0 | L19: =(L6*$H6*$C$10) -> 0 | M19: =(M6*$H6*$D$10) -> 0 | N19: =(N6*$H6*$E$10) -> 0 | O19: =(O6*$H6*$F$10) -> 0
A20: Linear weighted kappa | B20: =(B13-B14)/(1-B14) -> 0.33333333 | J20: 4 | K20: =(K7*$H7*$B$10) -> 0 | L20: =(L7*$H7*$C$10) -> 0.015625 | M20: =(M7*$H7*$D$10) -> 0 | N20: =(N7*$H7*$E$10) -> 0 | O20: =(O7*$H7*$F$10) -> 0.1640625
J21: 5 | K21: =(K8*$H8*$B$10) -> 0 | L21: =(L8*$H8*$C$10) -> 0.0234375 | M21: =(M8*$H8*$D$10) -> 0 | N21: =(N8*$H8*$E$10) -> 0 | O21: =(O8*$H8*$F$10) -> 0.65625
